{
  "name": "AE Power",
  "icon": "ae2:energy_cell",
  "category": "ae2:concepts",
  "pages": [
    {
      "type": "patchouli:text",
      "text": "The $(thing)ME System$() uses a unique form of power measured in $(thing)AE$().$(br2)Some $(item)External Power Systems$() can be converted into $(thing)AE$(), but this conversion only works 1-way.$(br2)What $(item)External Power Systems$() are available depends on your particular modpack setup."
    },
    {
      "flag": "mod:fabric-api",
      "type": "patchouli:text",
      "title": "Fabric Conversion(s)",
      "text": "Tech Reborn's \"$(thing)Energy$()\" converts into $(thing)AE$() with a default ratio of $(thing)$(bold)2 E = 1 AE$()."
    },
    {
      "flat": "mod:forge",
      "type": "patchouli:text",
      "title": "Forge Conversion(s)",
      "text": "\"$(thing)Forge Energy$()\" ($(thing)FE$()), sometimes referred to as \"$(thing)Redstone Flux$()\" ($(thing)RF$()), or even some other names ($(thing)IF$(), $(thing)CF$(), $(thing)µI$(), etc.), is the most widely used power system. It converts into $(thing)AE$() with a default ratio of $(thing)$(bold)2 FE = 1 AE$()."
    },
    {
      "type": "patchouli:text",
      "title": "Conversion Blocks",
      "text": "The following machines accept $(thing)External Power$() directly for only themselves.$(li)$(l:ae2:getting_started/charger)Charger$(/l)$(li)$(l:ae2:getting_started/inscriber)Inscriber$(/l)$(li)$(l:ae2:todo)ME Chest$(/l)$(br2)The following blocks are able to accept $(thing)External Power$() and turn it into $(thing)AE$() for the entire Network.$(li)$(item)Energy Acceptor$()$(li)$(l:ae2:todo)ME Controller$(/l)"
    },
    {
      "type": "patchouli:crafting",
      "recipe": "ae2:network/blocks/energy_energy_acceptor",
      "recipe2": "ae2:network/parts/energy_acceptor"
    },
    {
      "type": "patchouli:text",
      "title": "Energy Storage",
      "text": "$(thing)AE$() power is stored in the network. The following blocks increase how much power can be stored.$(li)Any ME Network: 800 $(thing)AE$()$(li)$(l:ae2:todo)ME Controller$(/l): 8,000 $(thing)AE$()$(li)$(item)Energy Cell$(): 200k $(thing)AE$()$(li)$(item)Dense Energy Cell$(): 1.6M $(thing)AE$()$(br2)A common beginner issue is a lack of $(thing)AE energy storage$(). If you encounter power problems (system blanking out or constantly restarting), you should add $(item)Energy Cells$()."
    },
    {
      "type": "patchouli:crafting",
      "recipe": "ae2:network/blocks/energy_energy_cell",
      "recipe2": "ae2:network/blocks/energy_dense_energy_cell"
    },
    {
      "type": "patchouli:text",
      "title": "Energy Transfer",
      "text": "$(thing)AE Power$() is available across an entire $(thing)Network$(). It follows the same connectivity rules as $(l:ae2:concepts/channels)Channels$(/l), with one exception.$(br2)$(l:ae2:todo)Quartz Fiber$() is a cable multi-part piece which blocks $(thing)Channels$(), but allows $(thing)AE power$() to pass between $(thing)Networks$(). It is useful for $(l:ae2:todo)Sub-Networks$().$(br2)$(item)Energy Cells$() maintain their charge when broken."
    },
    {
      "type": "patchouli:text",
      "title": "Energy Usage",
      "text": "$(thing)AE Power$() is consumed by the network for various purposes, such as...$(li)For each block a Channel has to travel through (Controller Networks are more efficient than Ad-Hoc ones).$(li)Components having a passive power consumption.$(li)Components having an active power consumption to perform specific tasks.$(br2)The $(l:ae2:todo)Controller$(/l) or $(l:ae2:todo)Network Tool$(/l) can show you power stats."
    },
    {
      "type": "patchouli:crafting",
      "recipe": "ae2:network/blocks/energy_vibration_chamber",
      "text": "If you don't have an $(thing)external power system$() available, then you can use the $(item)Vibration Chamber$() to generate $(thing)AE$() directly using $(thing)furnace fuels$(). With default settings, 1 $(item)Coal$() produces 8,000 $(thing)AE$() at 40 $(thing)AE$()/t."
    },
    {
      "type": "patchouli:text",
      "title": "Extra Remarks",
      "text": "It is worth pointing out that various $(thing)HUD Mods$() only show local power storage numbers, and will show 0 energy on things like $(l:ae2:getting_started/inscriber)Inscribers$() when they are powered by the $(thing)Network$(). The $(item)Inscriber$() will run just fine regardless.$(br2)While $(l:ae2:todo)Controllers$(/l) can accept $(thing)external power$(), it normally takes up one face (32 potential $(thing)channels$()) so you are typically better off still using an $(item)Energy Acceptor$() as your input."
    }
  ]
}
