{
  "name": "Husbandry automata core",
  "icon": "advancedperipherals:husbandry_automata_core",
  "category": "advancedperipherals:metaphysics",
  "advancement": "advancedperipherals:weak_automata_core",
  "pages": [
    {
      "type": "spotlight",
      "title": "Husbandry automata core",
      "item": "advancedperipherals:husbandry_automata_core",
      "text": "After consuming 3 chickens, 3 cows, 3 sheeps, weak automata core will be transformed to husbandry automata core!$(p)In addition to be more powerful weak automata core variant, seems, this soul also provide abilities to interact with animals!"
    },
    {
      "type": "link",
      "text": "In additions to weak automata core abilities, this core also allow to interact with animals and even transfer them inside!$(p)But be aware, any stored animal will be lost after turtle is broken.",
      "url": "https://docs.srendi.de/metaphysics/husbandry_automata/",
      "link_text": "API documentation"
    }
  ]
}
