{
  "name": "1) Charger",
  "category": "ae2:getting_started",
  "icon": "ae2:charger",
  "sortnum": 10,
  "pages": [
    {
      "type": "patchouli:text",
      "text": "The $(thing)Charger$() is used to charge $(l:ae2:catalog/chargeable)various AE2 items$(/l), and for some crafting. Notably it is used to craft the $(l:ae2:getting_started/compass)Meteorite Compass$(/l) and $(thing)Charged Certus Quartz$().$(br2)The $(thing)Charger$() accepts $(l:ae2:concepts/power)Network Power, most external forms of power$(/l), or can be powered manually using a $(l:ae2:getting_started/crank)Wooden Crank$(/l)."
    },
    {
      "type": "patchouli:crafting",
      "recipe": "ae2:network/blocks/crystal_processing_charger",
      "text": "It only accepts $(thing)power$() from its \"top\" or \"bottom\" sides. Note that it can be $(l:ae2:equipment/wrench)rotated$(/l).$(br2)You can [$(k:use)] held items into or out of it, or use automation like $(item)Hoppers$(), $(item)Pipes$(), $(l:ae2:examples/subnets/pipe)Sub-Networks$(), etc."
    }
  ]
}
