{
  "name": "2) Meteors & Compass",
  "category": "ae2:getting_started",
  "icon": "ae2:meteorite_compass",
  "sortnum": 20,
  "extra_recipe_mappings": {
    "ae2:mysterious_cube": 0
  },
  "pages": [
    {
      "type": "patchouli:text",
      "text": "$(thing)Meteorites$() can be found scattered across the surface of the Overworld. They contain some $(l:ae2:getting_started/certus)Certus Quartz$() and a $(thing)Mysterious Cube$() at the center. They are also encased in a large amount of $(item)Sky Stone$().$(br2)The $(thing)Mysterious Cube$() will drop all 4 $(l:ae2:getting_started/inscriber)Inscriber Plates$(/l) when broken."
    },
    {
      "type": "patchouli:spotlight",
      "item": "ae2:meteorite_compass",
      "link_recipe": true,
      "text": "The $(thing)Meteorite Compass$() is crafted by placing a normal Compass in a $(l:ae2:getting_started/charger)Charger$(/l).$(br2)This $(thing)Compass$() points towards the nearest Chunk containing a $(thing)Mysterious Cube$() (and thus a Meteorite) it can find.$(br2)Slow Spin = Can't find any $(thing)Mysterious Cube$() in range."
    }
  ]
}
