{"category":"mythicbotany:alfheim","icon":"mythicbotany:kvasir_mead","name":"lexicon.entry.mythicbotany.alfheim.kvasir","pages":[{"type":"patchouli:text","text":"lexicon.entry.mythicbotany.alfheim.kvasir.page0.text0"},{"type":"patchouli:crafting","recipe":"mythicbotany:kvasir_mead","text":"lexicon.entry.mythicbotany.alfheim.kvasir.page2.text0"},{"type":"mythicbotany:ritual_pattern","recipe":"mythicbotany:mythicbotany_rune_rituals/kvasir_blood","title":"item.mythicbotany.kvasir_blood"},{"type":"mythicbotany:ritual_info","recipe":"mythicbotany:mythicbotany_rune_rituals/kvasir_blood","text":"lexicon.entry.mythicbotany.alfheim.kvasir.page5.text0","title":""}]}