{
    "name": "Knowledge of the Ages",
    "icon": "minecraft:enchanted_book",
    "category": "apotheosis:enchanting/enchantments",
	"flag": "apotheosis:enchanting",
	"sortnum": 1,
    "pages": [
        {
            "type": "patchouli:text",
            "text": "$(2)Knowledge of the Ages$() is a Masterwork$(br)enchantment that can be applied to swords.$(p)When you kill a mob, all drops will be converted to experience.$(p)Each individual item is worth the same amount of experience."
        },
		{
			"type": "patchouli:text",
			"text": "This makes it most efficient to kill mobs that drop a large volume of items.$(p)The experience per item increases with enchantment level.$(p)As a precaution, killing a player will not convert their items."
		}
	]
}