{"name":"磨粉機","icon":"ftbic:macerator","category":"ftbic:machines","sortnum":2,"pages":[{"type":"patchouli:text","text":"$(item)磨粉機$()透過消耗 Zaps 來研磨物品。透過磨粉機，我們可以$(major)從礦石中取得更多資源$()、製作金屬粉以及將羊毛分解成線。"},{"type":"patchouli:spotlight","item":"ftbic:macerator","text":"有些配方有機會獲得副產物。舉個例子，鐵原礦有 35% 機率產生出第 2 個鐵粉。$(br2)每研磨一個物品，將消耗 400⚡。$(br2)在未安裝任何$(l:ftbic:items/upgrades)升級$()的情況下，機器最高只能接受 LV 電流。"}]}