{
    "name": "Allthemodium Apple",
    "icon": "allthemodium:allthemodium_apple",
    "category": "allthemodium:food",
    "pages": [{
            "type": "crafting",
            "recipe": "allthemodium:allthemodium_apple",
            "title": "Allthemodium Apple"
        },
        {
            "type": "text",
            "text": "The Allthemodium Apple gives 20 hunger and 80 saturation. The apple has the following effects:$(li)Fast to Eat$(li)Can Always Eat$(li)Absorption X for 30 Sec$(li)Regeneration X for 30 Sec"
        }
    ]
}