{
    "name": "Fletching",
    "icon": "minecraft:fletching_table",
    "category": "apotheosis:village/village",
	"flag": "apotheosis:village",
	"sortnum": -1,
    "pages": [
        {
            "type": "patchouli:text",
            "text": "Apotheosis introduces a new type of crafting called $(9)Fletching$().$(p)It allows you to make arrows more efficiently.$(p)Alongside the crafting type, there are also new arrows."
        },
		{
            "type": "patchouli:spotlight",
			"item": "apotheosis:obsidian_arrow",
			"link_recipe": true,
            "text": "The $(9)Obsidian Arrow$() is a direct upgrade to the standard arrow.$(p)It causes all ranged attacks to deal 20% extra damage."
        },
		{
            "type": "patchouli:spotlight",
			"item": "apotheosis:broadhead_arrow",
			"anchor": "broadhead",
			"link_recipe": true,
            "text": "The $(9)Broadhead Arrow$() is best for extended fights.$(p)Every hit applies bleeding. Each additional hit refreshes the duration, and increases the level of bleeding on the target."
        },
		{
            "type": "patchouli:spotlight",
			"item": "apotheosis:explosive_arrow",
			"link_recipe": true,
            "text": "The $(9)Explosive Arrow$() is best against groups.$(p)It causes an explosion upon impact."
        },
		{
            "type": "patchouli:spotlight",
			"item": "apotheosis:iron_mining_arrow",
			"link_recipe": true,
            "text": "The $(9)Iron Mining Arrow$() is like a flying pickaxe.$(p)All blocks hit with this arrow are mined as if they were broken with an Iron Pickaxe."
        },
		{
            "type": "patchouli:spotlight",
			"item": "apotheosis:diamond_mining_arrow",
			"link_recipe": true,
            "text": "The $(9)Diamond Mining Arrow$() is a better flying pickaxe!$(p)All blocks hit with this arrow are mined as if they were broken with a Diamond Pickaxe."
        }
	]
}