{
    "name": "Bleeding",
    "icon": "apotheosis:textures/mob_effect/bleeding.png",
    "category": "apotheosis:potion/effects",
	"flag": "apotheosis:potion",
	"sortnum": 1,
    "pages": [
        {
            "type": "patchouli:text",
            "text": "$(c)Bleeding$() is a negative effect applied by $(l:apotheosis:village/fletching#broadhead)Broadhead Arrows$().$(p)It causes you to take damage every two seconds."
        },
		{
            "type": "patchouli:text",
            "text": "The damage increases with the level of $(c)Bleeding$().$(p)The damage from $(c)Bleeding$() bypasses armor."
        }
	]
}