{
  "category": "aoa3:extraction",
  "icon": "aoa3:helm_of_the_treasurer",
  "name": "Helm of the Treasurer",
  "pages": [
    {
      "type": "patchouli:text",
      "text": "Reaching level 100 $(thing)Extraction$() grants you the ability to wear the $(thing)Helm of the Treasurer$().$(br)The helmet is unbreakable, gives diamond-tier stats, and grants a 50% bonus to all $(thing)Extraction$() xp gained while worn.$(br2)At level 1000, it gains a fancy improved look.",
      "title": "Helm of the Treasurer"
    }
  ],
  "sortnum": 2
}