{
  "category": "aoa3:hauling",
  "icon": "aoa3:helm_of_the_trawler",
  "name": "Helm of the Trawler",
  "pages": [
    {
      "type": "patchouli:text",
      "text": "Reaching level 100 $(thing)Hauling$() grants you the ability to wear the $(thing)Helm of the Trawler$().$(br)The helmet is unbreakable, gives diamond-tier stats, and grants a 50% bonus to all $(thing)Hauling$() xp gained while worn.$(br2)At level 1000, it gains a fancy improved look.",
      "title": "Helm of the Trawler"
    }
  ],
  "sortnum": 2
}