{
    "name": "Vibranium Ore",
    "icon": "allthemodium:vibranium_ore",
    "category": "allthemodium:ore",
    "sortnum": 2,
    "pages": [{
        "type": "spotlight",
        "item": "allthemodium:vibranium_ore",
        "title": "Vibranium Ore",
        "link_recipe": false,
        "text": "Vibranium ore can be found in the Crimson and Warped Forest biomes in the Nether, around Y 107-113. It is also found in The Other dimension, deep underground, usually very close to Piglin villages"
    }]
}