{"name":"蜂窩頭盔","icon":"productivebees:bee_nest_diamond_helmet","category":"productivebees:items","pages":[{"type":"patchouli:spotlight","item":"productivebees:bee_nest_diamond_helmet","text":"將你漂亮的鑽石頭盔塞入蜂窩, 雖然會變得黏黏的, 但是蜂窩裡的蜜蜂肯定會認同你, 甚至在你發生危險時出來幫你。 戴上這頂頭盔還能向其牠蜜蜂表明你的友好, 以防牠們攻擊你。"},{"type":"patchouli:crafting","recipe":"productivebees:bee_nest_helmet"}]}