{"name":"升級","icon":"productivebees:upgrade_base","category":"productivebees:items","pages":[{"type":"patchouli:spotlight","item":"productivebees:upgrade_base","text":"可在機器和蜂箱中放入《升級》來增加功能或提高效能。"},{"type":"patchouli:crafting","recipe":"productivebees:upgrades/base","text":"所有升級的基礎。"},{"type":"patchouli:crafting","recipe":"productivebees:upgrades/breeding","text":"可用於:$(br)$(l:hives/advanced_hives#expanded)擴充蜂箱$(/l)$(br)$(l:blocks/catcher)補蜂機$(/l)","anchor":"babee"},{"type":"patchouli:text","text":"安裝在蜂箱中, 《幼蜂升級》可使蜂箱內的蜜蜂有小小的機率生出新的幼蜂, 而無須人為介入, 但無法正常繁殖的蜜蜂則不適用於此升級。$(br)若安裝在《$(l:blocks/catcher)捕蜂機$(/l)》中, 可使機器只捕捉《幼蜂》。"},{"type":"patchouli:crafting","recipe":"productivebees:upgrades/productivity","text":"可用於:$(br)$(l:hives/advanced_hives#expanded)擴充蜂箱$(/l)$(br)$(l:blocks/honey_generator)蜂蜜產能機$(/l)","anchor":"productivity"},{"type":"patchouli:text","text":"安裝在蜂箱中, 《生產升級》可增加蜜蜂每次運送所生產的蜂巢數量。可安裝多個《生產升級》。"},{"type":"patchouli:crafting","recipe":"productivebees:upgrades/time","text":"可用於:$(br)$(l:hives/advanced_hives#expanded)擴充蜂箱$(/l)$(br)$(l:blocks/centrifuge)分離機$(/l)$(br)$(l:blocks/incubator)培育機$(/l)$(br)$(l:blocks/honey_generator)蜂蜜產能機$(/l)","anchor":"speed"},{"type":"patchouli:text","text":"安裝在蜂箱中, 《效率升級》可減少蜜蜂待在蜂箱內的時間。$(br)若安裝在《$(l:blocks/centrifuge)分離機$(/l)》或《$(l:blocks/incubator)培育機$(/l)》中, 則可提高其運作速度。"},{"type":"patchouli:crafting","recipe":"productivebees:upgrades/filter","text":"可用於:$(br)$(l:hives/advanced_hives#expanded)擴充蜂箱$(/l)$(br)$(l:blocks/catcher)補蜂機$(/l)","anchor":"filter"},{"type":"patchouli:text","text":"對著蜜蜂點擊滑鼠右鍵可將其加入篩選內容。單獨進行合成便可清除其篩選內容。 安裝在蜂箱中, 可限制只讓篩選升級中設定的蜜蜂進入。$(br)若安裝在《捕蜂機》中, 則可限制只捕捉指定的蜜蜂。"},{"type":"patchouli:crafting","recipe":"productivebees:upgrades/range","text":"可用於:$(br)$(l:hives/advanced_hives#expanded)擴充蜂箱$(/l)$(br)$(l:blocks/catcher)補蜂機$(/l)","anchor":"range"},{"type":"patchouli:text","text":"安裝在蜂箱中, 每個《距離升級》可使《農場蜂》、《收集蜂》及《撿拾蜂》的工作距離從預設的 4 個方塊增加 1 個方塊。$(br)若安裝在《捕蜂機》中, 則可使捕捉範圍擴大 1 個方塊遠。 可安裝多個《距離升級》。"},{"type":"patchouli:crafting","recipe":"productivebees:upgrades/anti_teleport","text":"可用於:$(br)$(l:hives/advanced_hives#expanded)擴充蜂箱$(/l)","anchor":"anti_teleport"},{"type":"patchouli:text","text":"安裝在蜂箱中, 可防止住在裡面的蜜蜂被傳送。"},{"type":"patchouli:crafting","recipe":"productivebees:upgrades/bee_sampler","text":"可用於:$(br)$(l:hives/advanced_hives#expanded)擴充蜂箱$(/l)","anchor":"sampler"},{"type":"patchouli:text","text":"安裝在蜂箱中, 可在每次來訪的蜜蜂身上抽取一些基因樣本, 而完全不會傷害到牠們。蜂箱中可安裝多個來提高機率。"},{"type":"patchouli:crafting","recipe":"productivebees:upgrades/comb_block","text":"可用於:$(br)$(l:hives/advanced_hives#expanded)擴充蜂箱$(/l)","anchor":"comb_block"},{"type":"patchouli:text","text":"安裝在蜂箱中, 可使《木料蜂》及《採石蜂》生產完整的方塊而不是碎屑。"},{"type":"patchouli:crafting","recipe":"productivebees:upgrades/simulator","text":"可用於:$(br)$(l:hives/advanced_hives#expanded)擴充蜂箱$(/l)","anchor":"simulator"},{"type":"patchouli:text","text":"安裝在蜂箱後, 蜜蜂不用再離開蜂箱, 就能模擬採集來獲得更高的效率。蜜蜂所需的採集對象或內置該對象的採集臺, 需放在蜂箱前一格方塊的下方, 而非擋在蜂箱前。"},{"type":"multiblock","name":"模擬蜂箱","multiblock":{"mapping":{"H":"productivebees:advanced_oak_beehive[expanded=up]","E":"productivebees:expansion_box_oak[expanded=up]","F":"productivebees:feeder[type=top]"},"pattern":[[" E"],[" H"],["F0"]],"symmetrical":true,"offset":[0,1,0]},"enable_visualize":false}]}