{"name":"卡片收納器","icon":"laserio:card_holder","sortnum":2,"category":"laserio:items","pages":[{"type":"patchouli:text","text":"卡片收納器可以幫助你解決物品欄空間不夠的問題！至少，由本模組引起的其中一個問題可以被解決…只需製作一個卡片收納器，並點擊右鍵開啟它的 UI。只要 NBT 相符，放在這個介面中的卡片都能夠堆疊到 64 張。（小提醒：你可以透過把卡片放上合成欄上合成，重設卡片的 NBT）"},{"type":"patchouli:text","text":"放在收納器中的卡片，能夠像在節點中一樣點擊右鍵開啟介面修改。$(br2)注意：當編輯的卡堆數量大於 1，將會停用篩選器及超頻卡欄位，以預防物品複製 Bug。#BlameSoaryn"},{"type":"patchouli:text","text":"將卡片收納器拿在手上，按住 Shift 並點擊右鍵，收納器將自動開始把你物品欄中的卡片給收納進去！你可以輕易看出它是否在運作，因為收納器運作時會像是被附魔一樣發光。$(br2)再次按住 Shift 並點擊右鍵，可以將自動收納功能關閉。$(br2)當你開啟節點介面且物品欄中有卡片收納器時，節點介面中將出現收納器中的卡片。"},{"type":"patchouli:text","text":"備註：篩選器與超頻，現在同樣也能存放在卡片收納器中！只有還未儲存資料的篩選器，才會被自動存進收納器中。將篩選器放入合成格上，來清除它們所儲存的資料。$(br2)儘管如此，你還是能將存有資料的篩選器，手動放入收納器中。"},{"type":"patchouli:crafting","title":"卡片收納器","recipe":"laserio:card_holder"}]}