{"name":"頻道","sortnum":4,"category":"laserio:mechanics","icon":"laserio:textures/gui/buttons/blankbutton.png","pages":[{"type":"patchouli:text","text":"卡片僅能與其他位在相同頻道中的卡片互動。這使玩家可以在相同網路中建立多組路由邏輯。$(br2)例如：位在「橙色」頻道的提取模式卡，將只會傳遞事物至同樣位在「橙色」頻道的輸入模式卡，並忽略其他頻道的卡片。"},{"type":"patchouli:text","text":"再舉個例子：將一張提取模式卡的頻道設為「橙色」，並裝上設有鵝卵石的篩選器；而另一張提取模式卡的頻道則設為「黑色」，並裝上設有煤炭的篩選器，然後將兩張卡都放置在相同的雷射節點中。$(br2)隨後插入一張頻道為橙色的輸入模式卡，並將其連接側設為頂部；再插入一張頻道為黑色的輸入模式卡，將其連接側設為底部。這套設置將能夠確保鵝卵石只會傳輸進熔爐頂部，而煤炭則只會輸入進熔爐底部。"}]}