{"name":"節點超頻","icon":"laserio:overclocker_node","sortnum":3,"category":"laserio:items","pages":[{"type":"patchouli:text","text":"節點超頻是個更加複雜的組件。$(br2)$(l:laserio:laser_node)節點$(/l)每側每 tick 只能有 1 張卡片在運作。$(br2)當節點一側有 3 張提取模式卡時，只有第一張會隨遊戲刻運作，而第二張只有在第一張不做任何事情時才會輪到它運作。"},{"type":"patchouli:image","title":"沒有節點超頻","images":["laserio:textures/book/entries/overclocker_node1.png"],"border":true,"text":"當未安裝節點超頻"},{"type":"patchouli:text","text":"安裝在節點任一側的每張節點超頻，都能夠使每 tick 可運作的卡片數增加。當安裝最多 8 張節點超頻時，將使節點可同時運作 9 張卡片。$(br2)輸入模式卡$(l)$(#ff0000)無需$()超頻就能發揮用途，$(l)只有$()提取和庫存模式卡會需要它們。"},{"type":"patchouli:image","title":"2 張節點超頻","images":["laserio:textures/book/entries/overclocker_node2.png"],"border":true,"text":"當安裝上 2 張節點超頻"},{"type":"patchouli:crafting","title":"節點超頻","recipe":"laserio:overclocker_node"}]}