{"name":"實形之眼","icon":"naturesaura:animal_container","category":"naturesaura:devices","advancement":"naturesaura:eye","pages":[{"type":"text","text":"有時，作為一個農民，會有人想要他的$(thing)動物們$()被控制在一個小區域內，以免它們到處亂跑。$(br)$(item)實形之眼$()能防止任何動物離開它的影響區域，而且不需要在周圍擺放任何方塊。它的作用$(thing)範圍$()受它收到的$(thing)紅石訊號$()的影響——訊號越強，範圍越大。"},{"type":"crafting","text":"製作$(item)實形之眼$()","recipe":"naturesaura:animal_container"}]}