{"name":"專家型漏斗","icon":"naturesaura:grated_chute","category":"naturesaura:devices","advancement":"naturesaura:infused_materials","pages":[{"type":"text","text":"許多時候，在和機械設備打交道的過程中，$(thing)運輸物品$()總是顯得十分重要，但如果最終設計出的物流整體規模太大，哪怕再重要也是讓人避之不及，尤其是因為設備缺少$(thing)篩選$()能力，使得規模過大的問題雪上加霜。$(item)專家型漏斗$()可以對穿過$(item)漏斗$()的物品進行篩選，整個過程輕輕鬆鬆，毫不費力。"},{"type":"text","text":"$(item)專家型漏斗$()工作起來和普通的$(item)漏斗$()沒有太大區別，除了它比普通漏斗快一點，而且能像這樣篩選物品：將任意數量的$(item)物品展示框$()放在漏斗的任意一面，然後在展示框內放置物品，這樣就使得$(thing)只有展示框上$()的物品能通過漏斗。篩選會影響從箱子或世界中提取物品時和被插入物品時。$(p)應當額外注意的是，你可以將它與$(l:using/hopper_upgrade)漏斗增強裝置$()結合使用，使得它只拾取符合篩選器的掉落物。"},{"type":"text","text":"此外，潛行 + 右鍵點擊$(item)專家型漏斗$()可以$(thing)反轉$()其功能：這會使得$(italic)不在$()展示框中的物品才會被它接受。這功能也使得它可以傳輸任何物品，只需要不放任何展示框。"},{"type":"crafting","text":"製作$(item)專家型漏斗$()$(p)應當注意，裝備$(l:items/eye)環境之眼$()時可以查看漏斗當前儲存的物品數量。","recipe":"naturesaura:grated_chute"}]}