{"name":"物品分配器","icon":"naturesaura:item_distributor","category":"naturesaura:devices","advancement":"naturesaura:infused_materials","pages":[{"type":"text","text":"很久以前，非植物的科學家曾創造了對世界的一大貢獻：$(item)物品分配器$()。在那時，它遠算不上好用，但在當下，透過用設計需要的強度進行材料灌注，使得物品以設計好的模式移動，$(aura-zh-cn)成功地逆轉了之前難用的窘境。$(br)$(item)物品分配器$()會從它$(thing)頂部$()的容器內抽取任何物品，"},{"type":"text","text":"然後$(thing)等量地$()將物品分配到$(thing)側面$()的所有容器中。此外，在裝備$(l:items/eye)環境之眼$()時對其潛行互動，它就能切換為$(thing)隨機模式$()。這樣切換後，物品不會被等量分配，而是被隨機分配。這在需要隨機性的紅石設計中可能會很有用。"},{"type":"crafting","text":"製作$(item)物品分配器$()","recipe":"naturesaura:item_distributor"}]}