{
    "name": "Tome of Scrapping",
    "icon": "apotheosis:scrap_tome",
    "category": "apotheosis:enchanting/utility",
	"flag": "apotheosis:enchanting",
	"sortnum": 1,
    "pages": [
        {
            "type": "patchouli:text",
            "text": "The Tome of Scrapping is a way of retrieving enchantments from an item.$(p)Combining one with another item in an anvil will destroy the other item, and make a book with some of the enchantments at random."
        },
		{
            "type": "patchouli:crafting",
			"recipe": "apotheosis:scrap_tome",
			"text": "You will always receive half of the enchantments (rounded up).$(p)The enchantments selected are based on your $(l:apotheosis:enchanting/table/seed)Enchanting Seed$()."
		}
	]
}