{"title":"沙子鑄模","text":[{"text":"製作工具部件的方式:\n首先製作一塊空白沙子鑄模並將其放在鑄造臺上,接著在空白沙子鑄模上放入部件製作臺中做出的工具部件,然後再將剛剛放入的部件取出,此時鑄造臺上會是那個部件形狀的沙子鑄模。最後將熔化的金屬液倒入鑄造臺,並等待冷卻後便可拿取你所製作的部件。\n過程中沙子鑄模會被用掉。"},{"text":"非空白的沙子鑄模會在拿起來時變回空白沙子鑄模。","paragraph":true}]}