{"category":"mythicbotany:mythic_botany","icon":"mythicbotany:alfsteel_ingot","name":"lexicon.entry.mythicbotany.mythic_botany.infuser","pages":[{"type":"patchouli:text","text":"lexicon.entry.mythicbotany.mythic_botany.infuser.page0.text0"},{"type":"patchouli:crafting","recipe":"mythicbotany:mana_infuser","text":"lexicon.entry.mythicbotany.mythic_botany.infuser.page1.text0"},{"type":"patchouli:multiblock","multiblock":{"mapping":{"0":"botania:shimmerrock","G":"minecraft:gold_block","I":"mythicbotany:mana_infuser","S":"botania:shimmerrock"},"pattern":[["   "," I ","   "],["SGS","G0G","SGS"]],"symmetrical":true},"name":"lexicon.entry.mythicbotany.mythic_botany.infuser.page2.text0","text":"lexicon.entry.mythicbotany.mythic_botany.infuser.page2.text1"},{"type":"patchouli:spotlight","item":"mythicbotany:alfsteel_ingot","link_recipe":true,"text":"lexicon.entry.mythicbotany.mythic_botany.infuser.page3.text0"},{"type":"mythicbotany:infuser","recipe":"mythicbotany:mythicbotany_infusion/terrasteel_ingot"},{"type":"mythicbotany:infuser","recipe":"mythicbotany:mythicbotany_infusion/alfsteel_ingot"}]}