{"name":"猩紅粉末","icon":"naturesaura:crimson_meal","category":"naturesaura:items","advancement":"naturesaura:aura_bottle_nether","pages":[{"type":"text","text":"大多數時候，$(item)骨粉$()都能起到它該起的作用：對植物施肥，使其生長速度大大加快。然而，當來到$(thing)地獄$()維度時，簡單的骨粉不再所向披靡。$(br)這個問題，可以透過使用$(item)猩紅粉末$()輕鬆避免。$(br)這種物質不但會使任何$(item)地獄疙瘩$()類植物以類似骨粉的方式生長得更快，"},{"type":"text","text":"還會使完全成熟的$(item)地獄疙瘩$()變成可收穫的巨大$(thing)地獄疙瘩蘑菇$()，從而使產量更高。"},{"type":"crafting","text":"製作$(item)猩紅粉末$()","recipe":"naturesaura:crimson_meal"}]}