{"name":"巴德爾之杖","icon":"naturesaura:light_staff","category":"naturesaura:items","advancement":"naturesaura:sky_ingot","pages":[{"type":"text","text":"更高世界的神祇們長久以來持有這許多特殊能力，包括向世界照下$(thing)光$()的能力。將神聖的材料以下頁描繪的方式組合，就能製造出一把能射出$(thing)光之射線$()的法杖。當射線擊中方塊後，會使得附近區域被照亮，就好像那裡放了$(item)螢光石$()一樣。"},{"type":"text","text":"此外，當射線擊中了任何種類的生物，還會使其$(thing)著火$()。$(p)要射出這種射線，使用者身上必須攜帶少量的$(aura-zh-cn)。"},{"type":"crafting","text":"製作$(item)巴德爾之杖$()","recipe":"naturesaura:light_staff"}]}