{"name":"裝瓶機","icon":"productivebees:bottler","category":"productivebees:blocks","pages":[{"type":"patchouli:spotlight","item":"productivebees:bottler","text":"《裝瓶機》用來將蜂蜜及其它液體裝入瓶中。可直接對著方塊倒入蜂蜜, 也可將《裝瓶機》放在《分離機》旁邊來自動取得蜂蜜。$(br2)《裝瓶機》配合《活塞》可用來將蜜蜂塞入瓶中, 請參閱$(l:genetics/transferring)基因章節$(/l)。"},{"type":"multiblock","name":"裝瓶機與分離機","multiblock":{"mapping":{"H":"productivebees:centrifuge","E":"productivebees:bottler"},"pattern":[["H","E"],["0"," "]],"symmetrical":true,"offset":[0,1,0]},"enable_visualize":false}]}