{"name":"補蜂機","icon":"productivebees:catcher","category":"productivebees:blocks","pages":[{"type":"patchouli:spotlight","item":"productivebees:catcher","text":"裝入蜜蜂籠以捕捉飛到上面的任何蜜蜂。 你可以在上面擺放花朵或$(l:blocks/feeder)採集臺$(/l)來吸引蜜蜂。"},{"type":"patchouli:text","text":"《補蜂機》可裝上三種升級: 一種是《$(l:items/upgrades#babee)幼蜂升級$(/l)》, 可略過成年蜂只捕捉幼蜂。另一種是《$(l:items/upgrades#filter)篩選升級$(/l)》, 可篩選只要捕捉的蜜蜂。還有一種是《$(l:items/upgrades#range)距離升級$(/l)》, 用來擴大捕捉範圍,可安裝多個。"}]}