{"title":"更新","text":[{"text":"由於版權問題,我不能直接將其他作者的書本內容放入本書,除非讀者擁有該書。\n利用黃金魔法,我設法使本書在你獲得其它書本後,自動加入新的章節。"},{"text":"你必須獲得『材料與你』、『初級冶煉』、『高級冶煉』、『神奇鑄造爐』以及『打鐵發明』等五本書後,才能得到本書的完整內容。","paragraph":true},{"text":"§l翻譯: §6G§4r§3a§2n§1t§r","paragraph":true}]}