{"title":"精緻物品展示框","text":[{"text":"• 透明: 物品放入後展示框會變透明。\n在展示框變透明且不是在潛行時,\n可直接使用展示框後面的方塊。"},{"text":"\n"},{"text":"• 黃金: 自動逐步旋轉物品。\n與紅石火把合成,可改為反向旋轉物品。"},{"text":"\n"},{"text":"• 鑽石: 逐漸反向旋轉物品直到轉正。\n可轉動的角度比標準的物品展示框小。"},{"text":"\n"},{"text":"• 瑪玉靈: 即使在黑暗中也能清楚看見。"},{"text":"\n"},{"text":"• 獄髓: 抗火及抗爆。"}]}