{"name":"封裝藥水","icon":"squirtgun:encapsulator_block","category":"squirtgun:encapsulator","sortnum":1,"pages":[{"type":"text","text":"將空的藥水瓶放在介面頂部的欄位上，或是透過漏斗將它們導入矩陣中。$(br)你可以將藥水放在介面底部的欄位，或是將桶裝流體倒入矩陣中。$(br)你可以將流體倒入矩陣的內部儲罐中，或是利用其他手段將流體輸送進去。$(br)你可以透過放入材料來決定製作的藥水類型，或是點擊畫面左側的配方選擇按鈕來決定製作配方。$(br)你可以點選畫面左側的按鈕來將配方鎖定。"}]}