{"name":"合金","icon":"thermal:bronze_ingot","read_by_default":true,"category":"thermal:materials","pages":[{"flag":"mod:thermal_expansion","type":"thermal:double_crafting_page","A.recipe":"thermal:fire_charge/bronze_ingot_4","text":"熱力新增各種不同的合金。它們可以在感應精煉爐中直接合金化。或者，它們可以藉由將其成分與如上所示的火焰彈組合來合成。"},{"flag":"mod:thermal_expansion","type":"thermal:3-3_alloy_page","A.title":"青銅","A.recipe":"thermal:machines/smelter/smelter_alloy_bronze","A.text":"新時代的曙光。","B.title":"不變鋼","B.recipe":"thermal:machines/smelter/smelter_alloy_invar","B.text":"受熱時膨脹最小。"},{"flag":"mod:thermal_expansion","type":"thermal:3-3_alloy_page","A.title":"琥珀金","A.recipe":"thermal:machines/smelter/smelter_alloy_electrum","A.text":"兩全其美。","B.title":"康銅","B.recipe":"thermal:machines/smelter/smelter_alloy_constantan","B.text":"加熱時電阻係數變化最小。"},{"flag":"mod:thermal_expansion","type":"thermal:3-3_alloy_page","A.title":"流明","A.recipe":"thermal:machines/smelter/smelter_alloy_lumium","A.text":"一塊堅固的陽光磚。","B.title":"信素","B.recipe":"thermal:machines/smelter/smelter_alloy_signalum","B.text":"導電率比銀好。"},{"flag":"mod:thermal_expansion","type":"3_alloy_page","title":"終界合金","recipe":"thermal:machines/smelter/smelter_alloy_enderium","text":"以任何頻率共振。"},{"flag":"!mod:thermal_expansion","type":"patchouli:text","title":"合金","text":"熱力新增各種不同的合金。它們可以藉由將其成分與火焰彈組合來合成。"},{"flag":"!mod:thermal_expansion","type":"thermal:double_crafting_page","A.recipe":"thermal:fire_charge/bronze_ingot_4","B.recipe":"thermal:fire_charge/invar_ingot_3"},{"flag":"!mod:thermal_expansion","type":"thermal:double_crafting_page","A.recipe":"thermal:fire_charge/electrum_ingot_2","B.recipe":"thermal:fire_charge/constantan_ingot_2"},{"flag":"!mod:thermal_expansion","type":"thermal:double_crafting_page","A.recipe":"thermal:fire_charge/lumium_ingot_4","B.recipe":"thermal:fire_charge/signalum_ingot_4"},{"flag":"!mod:thermal_expansion","type":"thermal:double_crafting_page","A.recipe":"thermal:fire_charge/enderium_ingot_2"}]}