{"name":"地岩碎裂炸藥","icon":"thermal:earth_tnt","read_by_default":true,"flag":"mod:thermal_innovation","category":"thermal:explosives","pages":[{"type":"patchouli:text","text":"地岩碎裂炸藥會破壞並掉落一個區域中的石頭和泥土類型的方塊，並給予其半徑範圍內的生物$(l:thermal:world/mobs/basalz)割裂 II $(/l)效果。對挖礦很有用。炸藥和手榴彈的爆炸半徑分別為 9 和 5 個方塊。$(br2)$(o)傳說這些曾經強大到足以打破基岩。$()"},{"type":"thermal:double_crafting_page","A.recipe":"thermal:earth_tnt","B.recipe":"thermal:earth_grenade_4"},{"flag":"&mod:thermal_innovation,mod:thermal_locomotion","type":"thermal:double_crafting_page","A.recipe":"thermal:earth_tnt_minecart","title":"地岩碎裂炸藥礦車"}]}