{"title":"初級冶煉","text":[{"text":"好的,既然你已試過Selena教你用的那些\n弱弱的材料了,是時候開始像我一樣使用\n§l真正的打鐵材料§r～§l§6金屬§r。"},{"text":"當然你永遠沒辦法像我一樣的又酷又壯, 因為我就是那個舉世無雙的 §lTHRUUL M'GON§r！ 但我確定像你這樣的新手鐵匠, 肯定還是能學會一兩件事, 加油！","paragraph":true},{"text":"別忘了繼續閱讀我的下一本書, 當你有了熔化爐, 只要在書上澆鑄一些熔化的焦黑石即可！","paragraph":true}]}