{"name":"饕餮能源爐","icon":"thermal:dynamo_gourmand","category":"thermal:dynamos","read_by_default":true,"flag":"mod:thermal_expansion","pages":[{"type":"patchouli:text","text":"饕餮能源爐使用食物產生紅石通量。"},{"type":"thermal:double_crafting_page","A.recipe":"thermal:dynamo_gourmand","title":"Gourmand Dynamo"},{"type":"patchouli:text","title":"增強元件相容性","text":"$(li)$(l:thermal:technology/augments/integral_components)整合元件$(/l)$(li)$(l:thermal:technology/augments/fluid_tank)擴容儲罐構造$(/l)$(li)$(l:thermal:technology/augments/dynamo_output)輔助反應室$(/l)$(li)$(l:thermal:technology/augments/dynamo_fuel)多週期泵注器$(/l)"}]}