{
    "name": "Attack Range",
    "icon": "minecraft:skeleton_skull",
    "category": "apotheosis:adventure/attributes",
	"flag": "apotheosis:adventure",
	"sortnum": 0,
    "pages": [
        {
            "type": "patchouli:text",
            "text": "Your $(9)Attack Range$() is the maximum distance at which you may attack targets with a melee weapon.$(p)Generally found on weapons."
        },
		{
			"type": "patchouli:text",
			"text": "$(9)$(n)Base Value:$() 3.0$(p)$(9)$(n)Max Value:$() 1024$(p)"
		}
	]
}