{
  "name": "Basic Materials",
  "icon": "ad_astra:steel_plate",
  "sortnum": 0,
  "category": "ad_astra:the_first_launch",
  "pages": [
    {
      "type": "patchouli:spotlight",
      "title": "Iron Plates",
      "item": "ad_astra:iron_plate",
      "text": "Iron plates are the most basic material in Ad Astra. It's created by crafting iron ingots and a hammer in a crafting table. It's used to craft the simplest machines required to build a rocket and get into space."
    },
    {
      "type": "patchouli:crafting",
      "title": "Hammer and plates",
      "recipe": "ad_astra:recipes/hammer",
      "recipe2": "ad_astra:hammering/iron_plate"
    },
    {
      "type": "patchouli:spotlight",
      "title": "Steel Plate",
      "item": "ad_astra:steel_plate",
      "text": "Steel Plates are the main component in the tier one rocket and in many important machines. It's created by compressing steel ingots in a compressor, which can be powered by a coal generator. Be sure to collect lots of steel plates, as you will need it throughout your space travels."
    },
    {
      "type": "patchouli:crafting",
      "title": "Generator, Compressor",
      "recipe": "ad_astra:recipes/coal_generator",
      "recipe2": "ad_astra:recipes/compressor"
    }
  ]
}