{"name":"農作物貯存","icon":"thermal:apple_block","read_by_default":true,"category":"thermal:plants","pages":[{"flag":"!mod:thermal_expansion","type":"patchouli:text","text":"所有農作物都有與之對應的貯存塊，就像原版小麥和乾草捆。"},{"flag":"mod:thermal_expansion","type":"patchouli:text","text":"所有農作物都有與之對應的貯存塊，就像原版小麥和乾草捆。這些可以使用$(l:thermal:technology/machines/press)多驅衝壓機$(/l)自動壓縮/解壓縮。"},{"type":"thermal:double_crafting_page","A.recipe":"thermal:storage/sugar_cane_block","B.recipe":"thermal:storage/bamboo_block"},{"type":"thermal:double_crafting_page","A.recipe":"thermal:storage/apple_block","B.recipe":"thermal:storage/carrot_block"},{"type":"thermal:double_crafting_page","A.recipe":"thermal:storage/potato_block","B.recipe":"thermal:storage/beetroot_block"},{"flag":"mod:thermal_cultivation","type":"thermal:double_crafting_page","A.recipe":"thermal:storage/barley_block","B.recipe":"thermal:storage/radish_block"},{"flag":"mod:thermal_cultivation","type":"thermal:double_crafting_page","A.recipe":"thermal:storage/onion_block","B.recipe":"thermal:storage/rice_block"},{"flag":"mod:thermal_cultivation","type":"thermal:double_crafting_page","A.recipe":"thermal:storage/sadiroot_block","B.recipe":"thermal:storage/spinach_block"},{"flag":"mod:thermal_cultivation","type":"thermal:double_crafting_page","A.recipe":"thermal:storage/bell_pepper_block","B.recipe":"thermal:storage/eggplant_block"},{"flag":"mod:thermal_cultivation","type":"thermal:double_crafting_page","A.recipe":"thermal:storage/green_bean_block","B.recipe":"thermal:storage/peanut_block"},{"flag":"mod:thermal_cultivation","type":"thermal:double_crafting_page","A.recipe":"thermal:storage/strawberry_block","B.recipe":"thermal:storage/tomato_block"},{"flag":"mod:thermal_cultivation","type":"thermal:double_crafting_page","A.recipe":"thermal:storage/coffee_block","B.recipe":"thermal:storage/tea_block"},{"flag":"mod:thermal_cultivation","type":"thermal:double_crafting_page","A.recipe":"thermal:storage/corn_block","B.recipe":"thermal:storage/hops_block"},{"flag":"mod:thermal_cultivation","type":"thermal:double_crafting_page","A.recipe":"thermal:storage/flax_block","B.recipe":"thermal:frost_melon"},{"flag":"mod:thermal_cultivation","type":"thermal:double_crafting_page","A.recipe":"thermal:storage/amaranth_block"}]}