{
  "name": "AR Controller",
  "icon": "advancedperipherals:ar_controller",
  "category": "advancedperipherals:peripherals",
  "pages": [
    {
      "type": "text",
      "text": "The AR Controller is used to control your AR Goggles wirelessly. You can draw anything you wish into an overlay that will be visible as long as you're wearing the goggles.$(p)For the full documentation please see the $(9)$(l:https://docs.srendi.de/peripherals/ar_controller/)official wiki page$(/l)$()!"
    },
    {
      "type": "crafting",
      "recipe": "advancedperipherals:ar_controller"
    },
    {
      "type": "multiblock",
      "multiblock": {
        "mapping": {
          "0": "computercraft:computer_advanced",
          "P": "advancedperipherals:ar_controller"
        },
        "pattern": [
          [
            "0P"
          ]
        ]
      },
      "text": "Connect your AR Controller to a computer to make use of it!"
    }
  ]
}
