{
  "name": "Redstone Integrator",
  "icon": "advancedperipherals:redstone_integrator",
  "category": "advancedperipherals:peripherals",
  "pages": [
    {
      "type": "text",
      "text": "The Redstone Integrator is able to interact with redstone. You can use the same code you would use for a computer on a Redstone Integrator.$(p)You may need this peripheral for cases where you need to output redstone signals on more sides than a regular computer has to offer.$(p)For the full documentation please see the $(9)$(l:https://docs.srendi.de/peripherals/redstone_integrator/)official wiki page$(/l)$()!"
    },
    {
      "type": "crafting",
      "recipe": "advancedperipherals:redstone_integrator"
    },
    {
      "type": "multiblock",
      "multiblock": {
        "mapping": {
          "0": "computercraft:computer_advanced",
          "P": "advancedperipherals:redstone_integrator"
        },
        "pattern": [
          [
            "0P"
          ]
        ]
      },
      "text": "Connect your Redstone Integrator to a computer to make use of it!"
    }
  ]
}
