{"title":"材料與你","text":[{"text":"歡迎閱讀『材料與你』第三版:從生存的第一天開始。\n有些打鐵模組的資料似乎遺失了, 或許之後新的版本能找回更多資訊。"},{"text":"本書尚未完成, 但已發布的內容都在裡面了, 將來會隨著模組更新而增加更多內容！","paragraph":true},{"text":"若您想得知關於最新版本的變更資訊, 請從 GitHub 或 SlimeKnights Discord 網頁中連結至 \"What's New\" 頁面來查看,\n可惜我無法在這裡直接提供連結給你。","paragraph":true},{"text":"§l翻譯: §6G§4r§3a§2n§1t§r","paragraph":true}]}