{"name":"液體蜜蜂","icon":"minecraft:water_bucket","read_by_default":true,"sortnum":4,"category":"productivebees:bees_modded","pages":[{"type":"patchouli:text","text":"生產液體的蜜蜂"},{"type":"patchouli:empty","draw_filler":false},{"type":"patchouli:text","title":"油蜂","text":"可在海洋生態域中釣到。","anchor":"oily","flag":"productivebees:oily"},{"type":"patchouli:entity","name":"油蜂","entity":"productivebees:configurable_bee{type:'productivebees:oily'}","flag":"productivebees:oily"},{"type":"patchouli:text","title":"巧克力蜂","text":"餵食可可豆給《$(l:bees/wild/sugarbag)糖包蜂$(/l)》就會轉變成。","anchor":"chocolate","flag":"productivebees:chocolate"},{"type":"patchouli:entity","name":"巧克力蜂","entity":"productivebees:configurable_bee{type:'productivebees:chocolate'}","flag":"productivebees:chocolate"},{"type":"patchouli:text","title":"茶蜂","text":"餵食一桶水給《$(l:bees/solitary/leafcutter)切葉蜂$(/l)》就會轉變成。","anchor":"tea","flag":"productivebees:tea"},{"type":"patchouli:entity","name":"茶蜂","entity":"productivebees:configurable_bee{type:'productivebees:tea'}","flag":"productivebees:tea"}]}