{"name":"金屬錠蜜蜂","icon":"minecraft:iron_ingot","read_by_default":true,"sortnum":1,"category":"productivebees:bees_modded","pages":[{"type":"patchouli:text","text":"這裡你能找到各種金屬的蜜蜂, 如果沒看到你想找的, 有可能在特定的模組頁面。"},{"type":"patchouli:empty","draw_filler":false},{"type":"patchouli:text","title":"鋁礦蜂","text":"由《$(l:bees/wild/crystalline)地獄石英蜂$(/l)》和《$(l:bees/solitary/ashy_mining)灰身礦工蜂$(/l)》配種而得。","anchor":"aluminum","flag":"productivebees:aluminum"},{"type":"patchouli:entity","name":"鋁礦蜂","entity":"productivebees:configurable_bee{type:'productivebees:aluminum'}","flag":"productivebees:aluminum"},{"type":"patchouli:text","title":"鉍礦蜂","text":"由《$(l:bees/wild/crystalline)地獄石英蜂$(/l)》和《$(l:bees/hive/gold)金礦蜂$(/l)》配種而得。","anchor":"bismuth","flag":"productivebees:bismuth"},{"type":"patchouli:entity","name":"鉍礦蜂","entity":"productivebees:configurable_bee{type:'productivebees:bismuth'}","flag":"productivebees:bismuth"},{"type":"patchouli:text","title":"黃銅礦蜂","text":"由《$(l:bees/modded/ingot_bees#zinc)鋅礦蜂$(/l)》和《$(l:bees/modded/ingot_bees#copper)銅礦蜂$(/l)》配種而得。","anchor":"brass","flag":"productivebees:brass"},{"type":"patchouli:entity","name":"黃銅礦蜂","entity":"productivebees:configurable_bee{type:'productivebees:brass'}","flag":"productivebees:brass"},{"type":"patchouli:text","title":"青銅礦蜂","text":"由《$(l:bees/modded/ingot_bees#tin)錫礦蜂$(/l)》和《$(l:bees/modded/ingot_bees#copper)銅礦蜂$(/l)》配種而得。","anchor":"bronze","flag":"productivebees:bronze"},{"type":"patchouli:entity","name":"青銅礦蜂","entity":"productivebees:configurable_bee{type:'productivebees:bronze'}","flag":"productivebees:bronze"},{"type":"patchouli:text","title":"銅鎳合金蜂","text":"由《$(l:bees/modded/ingot_bees#copper)銅礦蜂$(/l)》和《$(l:bees/modded/ingot_bees#nickel)鎳礦蜂$(/l)》配種而得。","anchor":"constantan","flag":"productivebees:constantan"},{"type":"patchouli:entity","name":"銅鎳合金蜂","entity":"productivebees:configurable_bee{type:'productivebees:constantan'}","flag":"productivebees:constantan"},{"type":"patchouli:text","title":"銅礦蜂","text":"由《$(l:bees/wild/crystalline)地獄石英蜂$(/l)》和《$(l:bees/solitary/ashy_mining)灰身礦工蜂$(/l)》配種而得。","anchor":"copper","flag":"productivebees:copper"},{"type":"patchouli:entity","name":"銅礦蜂","entity":"productivebees:configurable_bee{type:'productivebees:copper'}","flag":"productivebees:copper"},{"type":"patchouli:text","title":"金銀合金蜂","text":"由《$(l:bees/hive/gold)金礦蜂$(/l)》和《$(l:bees/modded/ingot_bees#silver)銀礦蜂$(/l)》配種而得。","anchor":"electrum","flag":"productivebees:electrum"},{"type":"patchouli:entity","name":"金銀合金蜂","entity":"productivebees:configurable_bee{type:'productivebees:electrum'}","flag":"productivebees:electrum"},{"type":"patchouli:text","title":"終界合金蜂","text":"由《$(l:bees/modded/ingot_bees#lead)鉛礦蜂$(/l)》和《$(l:bees/hive/diamond)鑽石蜂$(/l)》配種而得。","anchor":"enderium","flag":"productivebees:enderium"},{"type":"patchouli:entity","name":"終界合金蜂","entity":"productivebees:configurable_bee{type:'productivebees:enderium'}","flag":"productivebees:enderium"},{"type":"patchouli:text","title":"鎳鐵合金蜂","text":"由《$(l:bees/hive/iron)鐵礦蜂$(/l)》和《$(l:bees/modded/ingot_bees#nickel)鎳礦蜂$(/l)》配種而得。","anchor":"invar","flag":"productivebees:invar"},{"type":"patchouli:entity","name":"鎳鐵合金蜂","entity":"productivebees:configurable_bee{type:'productivebees:invar'}","flag":"productivebees:invar"},{"type":"patchouli:text","title":"鉛礦蜂","text":"由《$(l:bees/hive/iron)鐵礦蜂$(/l)》和《$(l:bees/solitary/blue_banded)藍帶蜂$(/l)》配種而得。","anchor":"lead","flag":"productivebees:lead"},{"type":"patchouli:entity","name":"鉛礦蜂","entity":"productivebees:configurable_bee{type:'productivebees:lead'}","flag":"productivebees:lead"},{"type":"patchouli:text","title":"螢光合金蜂","text":"由《$(l:bees/modded/ingot_bees#silver)銀礦蜂$(/l)》和《$(l:bees/modded/ingot_bees#tin)錫礦蜂$(/l)》配種而得。","anchor":"lumium","flag":"productivebees:lumium"},{"type":"patchouli:entity","name":"螢光合金蜂","entity":"productivebees:configurable_bee{type:'productivebees:lumium'}","flag":"productivebees:lumium"},{"type":"patchouli:text","title":"鎳礦蜂","text":"由《$(l:bees/hive/iron)鐵礦蜂$(/l)》和《$(l:bees/solitary/sweat)毛衣蜂$(/l)》配種而得。","anchor":"nickel","flag":"productivebees:nickel"},{"type":"patchouli:entity","name":"鎳礦蜂","entity":"productivebees:configurable_bee{type:'productivebees:nickel'}","flag":"productivebees:nickel"},{"type":"patchouli:text","title":"鋨礦蜂","text":"由《$(l:bees/hive/iron)鐵礦蜂$(/l)》和《$(l:bees/solitary/neon_cuckoo)霓虹杜鵑蜂$(/l)》配種而得。$(br)需安裝模組: Mekanism 通用機械","anchor":"osmium","flag":"productivebees:osmium"},{"type":"patchouli:entity","name":"鋨礦蜂","entity":"productivebees:configurable_bee{type:'productivebees:osmium'}","flag":"productivebees:osmium"},{"type":"patchouli:text","title":"白金蜂","text":"由《$(l:bees/hive/gold)金礦蜂$(/l)》和《$(l:bees/wild/ender)終界蜂$(/l)》配種而得。","anchor":"platinum","flag":"productivebees:platinum"},{"type":"patchouli:entity","name":"白金蜂","entity":"productivebees:configurable_bee{type:'productivebees:platinum'}","flag":"productivebees:platinum"},{"type":"patchouli:text","title":"放射蜂","text":"由《$(l:bees/hive/iron)鐵礦蜂$(/l)》和《$(l:bees/bees/hive/creeper)苦力怕蜂$(/l)》配種而得。","anchor":"radioactive","flag":"productivebees:radioactive"},{"type":"patchouli:entity","name":"放射蜂","entity":"productivebees:configurable_bee{type:'productivebees:radioactive'}","flag":"productivebees:radioactive"},{"type":"patchouli:text","title":"波動合金蜂","text":"由《$(l:bees/modded/ingot_bees#silver)銀礦蜂$(/l)》和《$(l:bees/modded/ingot_bees#copper)銅礦蜂$(/l)》配種而得。","anchor":"signalum","flag":"productivebees:signalum"},{"type":"patchouli:entity","name":"波動合金蜂","entity":"productivebees:configurable_bee{type:'productivebees:signalum'}","flag":"productivebees:signalum"},{"type":"patchouli:text","title":"銀礦蜂","text":"由《$(l:bees/hive/iron)鐵礦蜂$(/l)》和《$(l:bees/solitary/mason)石匠蜂$(/l)》配種而得。","anchor":"silver","flag":"productivebees:silver"},{"type":"patchouli:entity","name":"銀礦蜂","entity":"productivebees:configurable_bee{type:'productivebees:silver'}","flag":"productivebees:silver"},{"type":"patchouli:text","title":"鋼礦蜂","text":"由《$(l:bees/hive/iron)鐵礦蜂$(/l)》和《$(l:bees/hive/coal)煤炭蜂$(/l)》配種而得。","anchor":"steel","flag":"productivebees:steel"},{"type":"patchouli:entity","name":"鋼礦蜂","entity":"productivebees:configurable_bee{type:'productivebees:steel'}","flag":"productivebees:steel"},{"type":"patchouli:text","title":"錫礦蜂","text":"由《$(l:bees/wild/crystalline)地獄石英蜂$(/l)》和《$(l:bees/solitary/ashy_mining)灰身礦工蜂$(/l)》配種而得。","anchor":"tin","flag":"productivebees:tin"},{"type":"patchouli:entity","name":"錫礦蜂","entity":"productivebees:configurable_bee{type:'productivebees:tin'}","flag":"productivebees:tin"},{"type":"patchouli:text","title":"鈦礦蜂","text":"由《$(l:bees/hive/iron)鐵礦蜂$(/l)》和《$(l:bees/bees/hive/diamond)鑽石蜂$(/l)》配種而得。","anchor":"titanium","flag":"productivebees:titanium"},{"type":"patchouli:entity","name":"鈦礦蜂","entity":"productivebees:configurable_bee{type:'productivebees:titanium'}","flag":"productivebees:titanium"},{"type":"patchouli:text","title":"鎢礦蜂","text":"由《$(l:bees/hive/coal)煤炭蜂$(/l)》和《$(l:bees/wild/ender)終界蜂$(/l)》配種而得。","anchor":"tungsten","flag":"productivebees:tungsten"},{"type":"patchouli:entity","name":"鎢礦蜂","entity":"productivebees:configurable_bee{type:'productivebees:tungsten'}","flag":"productivebees:tungsten"},{"type":"patchouli:text","title":"鋅礦蜂","text":"由《$(l:bees/hive/iron)鐵礦蜂$(/l)》和《$(l:bees/solitary/sweat)毛衣蜂$(/l)》配種而得。","anchor":"zinc","flag":"productivebees:zinc"},{"type":"patchouli:entity","name":"鋅礦蜂","entity":"productivebees:configurable_bee{type:'productivebees:zinc'}","flag":"productivebees:zinc"}]}