{"name":"其它","icon":"productivebees:incubator","read_by_default":true,"sortnum":9,"category":"productivebees:bees_modded","pages":[{"type":"patchouli:text","title":"矽礦蜂","text":"由《$(l:bees/solitary/nomad)流浪蜂$(/l)》和《$(l:bees/solitary/reed)甘蔗蜂$(/l)》配種而得。","anchor":"silicon","flag":"productivebees:silicon"},{"type":"patchouli:entity","name":"矽礦蜂","entity":"productivebees:configurable_bee{type:'productivebees:silicon'}","flag":"productivebees:silicon"},{"type":"patchouli:text","title":"塑膠蜂","text":"由《$(l:bees/solitary/resin)樹脂蜂$(/l)》和《$(l:bees/worker/lumber)木料蜂$(/l)》配種而得。","anchor":"plastic","flag":"productivebees:plastic"},{"type":"patchouli:entity","name":"塑膠蜂","entity":"productivebees:configurable_bee{type:'productivebees:plastic'}","flag":"productivebees:plastic"},{"type":"patchouli:text","title":"特殊蜂","text":"由《$(l:bees/wild/crystalline)地獄石英蜂$(/l)》和《$(l:bees/wild/ender)終界蜂$(/l)》配種而得。$(br)需安裝模組: AE2$(br2)分離這種蜜蜂的蜂巢可獲得需進一步處理的《賽特斯石英種子》。","anchor":"spacial","flag":"productivebees:spacial"},{"type":"patchouli:entity","name":"特殊蜂","entity":"productivebees:configurable_bee{type:'productivebees:spacial'}","flag":"productivebees:spacial"},{"type":"patchouli:text","title":"硝石蜂","text":"由《$(l:bees/hive/coal)煤炭蜂$(/l)》和《$(l:bees/wild/magmatic)烈焰蜂$(/l)》配種而得。","anchor":"niter","flag":"productivebees:niter"},{"type":"patchouli:entity","name":"硝石蜂","entity":"productivebees:configurable_bee{type:'productivebees:niter'}","flag":"productivebees:niter"},{"type":"patchouli:text","title":"硫磺蜂","text":"由《$(l:bees/hive/coal)煤炭蜂$(/l)》和《$(l:bees/hive/creeper)苦力怕蜂$(/l)》配種而得。","anchor":"sulfur","flag":"productivebees:sulfur"},{"type":"patchouli:entity","name":"硫磺蜂","entity":"productivebees:configurable_bee{type:'productivebees:sulfur'}","flag":"productivebees:sulfur"},{"type":"patchouli:text","title":"奧術蜂","text":"這種蜜蜂無法培育。其生怪蛋要用《$(l:bees/hive/diamond)鑽石蜂$(/l)》生怪蛋在《附魔裝置》上製作。","anchor":"arcane","flag":"productivebees:arcane"},{"type":"patchouli:entity","name":"奧術蜂","entity":"productivebees:configurable_bee{type:'productivebees:arcane'}","flag":"productivebees:arcane"},{"type":"patchouli:text","title":"星鐵礦蜂","text":"這種蜜蜂無法培育。其生怪蛋要用《$(l:bees/hive/iron)鐵礦蜂$(/l)》生怪蛋在《注入器》上製作。","anchor":"starmetal","flag":"productivebees:starmetal"},{"type":"patchouli:entity","name":"星鐵礦蜂","entity":"productivebees:configurable_bee{type:'productivebees:starmetal'}","flag":"productivebees:starmetal"},{"type":"patchouli:text","title":"血腥蜂","text":"這種蜜蜂無法培育。其生怪蛋要用《$(l:bees/solitary/nomad)流浪蜂$(/l)》生怪蛋來製作。","anchor":"bloody","flag":"productivebees:bloody"},{"type":"patchouli:entity","name":"血腥蜂","entity":"productivebees:configurable_bee{type:'productivebees:bloody'}","flag":"productivebees:bloody"},{"type":"patchouli:text","title":"粉紅史萊姆蜂","text":"餵一些粉紅史萊姆給《$(l:bees/wild/slimy)史萊姆蜂$(/l)》就會轉變成。","anchor":"pink_slimy","flag":"productivebees:pink_slimy"},{"type":"patchouli:entity","name":"粉紅史萊姆蜂","entity":"productivebees:configurable_bee{type:'productivebees:pink_slimy'}","flag":"productivebees:pink_slimy"},{"type":"patchouli:text","title":"門瑞歐蜂","text":"由《$(l:bees/hive/diamond)鑽石蜂$(/l)》和《$(l:bees/wild/crystalline)地獄石英蜂$(/l)》配種而得。","anchor":"menril","flag":"productivebees:menril"},{"type":"patchouli:entity","name":"門瑞歐蜂","entity":"productivebees:configurable_bee{type:'productivebees:menril'}","flag":"productivebees:menril"},{"type":"patchouli:text","title":"鈾礦蜂","text":"由《$(l:bees/hive/iron)鐵礦蜂$(/l)》和《$(l:bees/bees/hive/creeper)苦力怕蜂$(/l)》配種而得。","anchor":"uraninite","flag":"productivebees:uraninite"},{"type":"patchouli:entity","name":"鈾礦蜂","entity":"productivebees:configurable_bee{type:'productivebees:uraninite'}","flag":"productivebees:uraninite"},{"type":"patchouli:text","title":"鹽蜂","text":"將鹽餵給一般的蜜蜂就會轉變成。","anchor":"salty","flag":"productivebees:salty"},{"type":"patchouli:entity","name":"鹽蜂","entity":"productivebees:configurable_bee{type:'productivebees:salty'}","flag":"productivebees:salty"},{"type":"patchouli:text","title":"阿摩金礦蜂","text":"由《$(l:bees/hive/netherite)古代蜂$(/l)》和《$(l:bees/hive/withered)凋零蜂$(/l)》配種而得。","anchor":"allthemodium","flag":"productivebees:allthemodium"},{"type":"patchouli:entity","name":"阿摩金礦蜂","entity":"productivebees:configurable_bee{type:'productivebees:allthemodium'}","flag":"productivebees:allthemodium"},{"type":"patchouli:text","title":"汎金屬蜂","text":"由《$(l:bees/hive/netherite)古代蜂$(/l)》和《$(l:bees/wild/draconic)龍族蜂$(/l)》配種而得。","anchor":"vibranium","flag":"productivebees:vibranium"},{"type":"patchouli:entity","name":"汎金屬蜂","entity":"productivebees:configurable_bee{type:'productivebees:vibranium'}","flag":"productivebees:vibranium"},{"type":"patchouli:text","title":"難得素蜂","text":"由《$(l:bees/mod_bees#allthemodium)阿摩金礦蜂$(/l)》和《$(l:bees/mod_bees#vibranium)汎金屬蜂$(/l)》配種而得。","anchor":"unobtainium","flag":"productivebees:unobtainium"},{"type":"patchouli:entity","name":"難得素蜂","entity":"productivebees:configurable_bee{type:'productivebees:unobtainium'}","flag":"productivebees:unobtainium"}]}