{"name":"打鐵","icon":"tconstruct:seared_table","read_by_default":true,"sortnum":8,"category":"productivebees:bees_modded","flag":"mod:tconstruct","pages":[{"type":"patchouli:text","text":"用於《Tinkers Construct 打鐵》模組的蜜蜂。將材料倒在鑄造臺中的生怪蛋便可獲得這些蜜蜂。"},{"type":"patchouli:text","text":"turn the page"},{"type":"patchouli:text","title":"終界史萊姆蜂","text":"這種蜜蜂無法培育。其生怪蛋要用《$(l:bees/wild/slimy)史萊姆蜂$(/l)》生怪蛋在《鑄造臺》中製作。","anchor":"ender_slimy","flag":"productivebees:ender_slimy"},{"type":"patchouli:entity","name":"終界史萊姆蜂","entity":"productivebees:configurable_bee{type:'productivebees:ender_slimy'}","flag":"productivebees:ender_slimy"},{"type":"patchouli:text","title":"膿液蜂","text":"這種蜜蜂無法培育。其生怪蛋要用《$(l:bees/wild/slimy)史萊姆蜂$(/l)》生怪蛋在《鑄造臺》中製作。","anchor":"ichor_slimy","flag":"productivebees:ichor_slimy"},{"type":"patchouli:entity","name":"膿液蜂","entity":"productivebees:configurable_bee{type:'productivebees:ichor_slimy'}","flag":"productivebees:ichor_slimy"},{"type":"patchouli:text","title":"天界史萊姆蜂","text":"這種蜜蜂無法培育。其生怪蛋要用《$(l:bees/wild/slimy)史萊姆蜂$(/l)》生怪蛋在《鑄造臺》中製作。","anchor":"sky_slimy","flag":"productivebees:sky_slimy"},{"type":"patchouli:entity","name":"天界史萊姆蜂","entity":"productivebees:configurable_bee{type:'productivebees:sky_slimy'}","flag":"productivebees:sky_slimy"},{"type":"patchouli:text","title":"鈷礦蜂","text":"這種蜜蜂無法培育。其生怪蛋要用《$(l:bees/hive/iron)鐵礦蜂$(/l)》生怪蛋在《鑄造臺》中製作。","anchor":"cobalt","flag":"productivebees:cobalt"},{"type":"patchouli:entity","name":"鈷礦蜂","entity":"productivebees:configurable_bee{type:'productivebees:cobalt'}","flag":"productivebees:cobalt"},{"type":"patchouli:text","title":"黑紫銅蜂","text":"這種蜜蜂無法培育。其生怪蛋要用《$(l:bees/hive/obsidian)黑曜石蜂$(/l)》生怪蛋在《鑄造臺》中製作。","anchor":"hepatizon","flag":"productivebees:hepatizon"},{"type":"patchouli:entity","name":"黑紫銅蜂","entity":"productivebees:configurable_bee{type:'productivebees:hepatizon'}","flag":"productivebees:hepatizon"},{"type":"patchouli:text","title":"騎士史萊姆蜂","text":"這種蜜蜂無法培育。其生怪蛋要用《$(l:bees/hive/iron)鐵礦蜂$(/l)》生怪蛋在《鑄造臺》中製作。","anchor":"knightslime","flag":"productivebees:knightslime"},{"type":"patchouli:entity","name":"騎士史萊姆蜂","entity":"productivebees:configurable_bee{type:'productivebees:knightslime'}","flag":"productivebees:knightslime"},{"type":"patchouli:text","title":"瑪玉靈蜂","text":"這種蜜蜂無法培育。其生怪蛋要用《$(l:bees/hive/netherite)古代蜂$(/l)》生怪蛋在《鑄造臺》中製作。","anchor":"manyullyn","flag":"productivebees:manyullyn"},{"type":"patchouli:entity","name":"瑪玉靈蜂","entity":"productivebees:configurable_bee{type:'productivebees:manyullyn'}","flag":"productivebees:manyullyn"},{"type":"patchouli:text","title":"豬鐵蜂","text":"這種蜜蜂無法培育。其生怪蛋要用《$(l:bees/hive/iron)鐵礦蜂$(/l)》生怪蛋在《鑄造臺》中製作。","anchor":"pig_iron","flag":"productivebees:pig_iron"},{"type":"patchouli:entity","name":"豬鐵蜂","entity":"productivebees:configurable_bee{type:'productivebees:pig_iron'}","flag":"productivebees:pig_iron"},{"type":"patchouli:text","title":"皇后史萊姆蜂","text":"這種蜜蜂無法培育。其生怪蛋要用《$(l:bees/hive/gold)金礦蜂$(/l)》生怪蛋在《鑄造臺》中製作。","anchor":"queens_slime","flag":"productivebees:queens_slime"},{"type":"patchouli:entity","name":"皇后史萊姆蜂","entity":"productivebees:configurable_bee{type:'productivebees:queens_slime'}","flag":"productivebees:queens_slime"},{"type":"patchouli:text","title":"玫瑰金蜂","text":"這種蜜蜂無法培育。其生怪蛋要用《$(l:bees/hive/gold)金礦蜂$(/l)》生怪蛋在《鑄造臺》中製作。","anchor":"rose_gold","flag":"productivebees:rose_gold"},{"type":"patchouli:entity","name":"玫瑰金蜂","entity":"productivebees:configurable_bee{type:'productivebees:rose_gold'}","flag":"productivebees:rose_gold"},{"type":"patchouli:text","title":"史萊姆鋼蜂","text":"這種蜜蜂無法培育。其生怪蛋要用《$(l:bees/hive/iron)鐵礦蜂$(/l)》生怪蛋在《鑄造臺》中製作。","anchor":"slimesteel","flag":"productivebees:slimesteel"},{"type":"patchouli:entity","name":"史萊姆鋼蜂","entity":"productivebees:configurable_bee{type:'productivebees:slimesteel'}","flag":"productivebees:slimesteel"},{"type":"patchouli:text","title":"靈魂鋼蜂","text":"這種蜜蜂無法培育。其生怪蛋要用《$(l:bees/modded/tconstruct#cobalt)鈷礦蜂$(/l)》生怪蛋在《鑄造臺》中製作。","anchor":"soulsteel","flag":"productivebees:soulsteel"},{"type":"patchouli:entity","name":"靈魂鋼蜂","entity":"productivebees:configurable_bee{type:'productivebees:soulsteel'}","flag":"productivebees:soulsteel"},{"type":"patchouli:text","title":"紫晶銅蜂","text":"這種蜜蜂無法培育。其生怪蛋要用《$(l:bees/modded/ingot_bees#copper)銅礦蜂$(/l)》生怪蛋在《鑄造臺》中製作。","anchor":"amethyst_bronze","flag":"productivebees:amethyst_bronze"},{"type":"patchouli:entity","name":"紫晶銅蜂","entity":"productivebees:configurable_bee{type:'productivebees:amethyst_bronze'}","flag":"productivebees:amethyst_bronze"}]}