{"name":"降生祭壇","icon":"naturesaura:animal_spawner","category":"naturesaura:using","advancement":"naturesaura:sky_ingot","pages":[{"type":"text","text":"有時，$(thing)創造$()特定生物的能力對一些有點可怕的植物學家來說會很有用。這時，可以使用$(item)降生祭壇$()：它能創造並生成幾乎任何種類的$(thing)生物$()，只需要消耗一些與其相關的原料和一點環境中的$(aura-zh-cn)。"},{"type":"text","text":"要使祭壇工作，需要組裝接下來展示的正確結構，並且使用$(item)降生之魂$()，詳細如下：所有原料，包括$(item)降生之魂$()，都需要被扔在接近$(item)降生祭壇$()的地面上，然後降生過程就會自動開始。$(p)接下來的幾頁概述了祭壇的正確構造，獲取$(item)降生之魂$()的方式和所有能生成的生物。"},{"type":"spotlight","item":"naturesaura:birth_spirit","link_recipe":true,"text":"祭壇工作時需要的$(item)降生之魂$()，可通過在$(aura-zh-cn)稍過量的地方繁殖被動動物輕鬆獲得。每次有新的幼年動物誕生，都有機會創造少量$(item)降生之魂$()。"},{"type":"crafting","recipe":"naturesaura:animal_spawner","text":"製作$(item)降生祭壇$()"},{"type":"multiblock","multiblock_id":"naturesaura:animal_spawner","text":"要使$(item)降生祭壇$()正常工作，需要圍繞祭壇建造這樣的結構。"},{"type":"naturesaura:animal_spawner","recipe":"naturesaura:cow"},{"type":"naturesaura:animal_spawner","recipe":"naturesaura:sheep_white","text":"$(item)羊毛$()的顏色決定了創造出$(thing)羊$()的顏色。"},{"type":"naturesaura:animal_spawner","recipe":"naturesaura:chicken"},{"type":"naturesaura:animal_spawner","recipe":"naturesaura:pig"},{"type":"naturesaura:animal_spawner","recipe":"naturesaura:blaze"},{"type":"naturesaura:animal_spawner","recipe":"naturesaura:ghast"},{"type":"naturesaura:animal_spawner","recipe":"naturesaura:ocelot"},{"type":"naturesaura:animal_spawner","recipe":"naturesaura:mule"},{"type":"naturesaura:animal_spawner","recipe":"naturesaura:bat"},{"type":"naturesaura:animal_spawner","recipe":"naturesaura:endermite"},{"type":"naturesaura:animal_spawner","recipe":"naturesaura:parrot"},{"type":"naturesaura:animal_spawner","recipe":"naturesaura:slime"},{"type":"naturesaura:animal_spawner","recipe":"naturesaura:spider"},{"type":"naturesaura:animal_spawner","recipe":"naturesaura:skeleton"},{"type":"naturesaura:animal_spawner","recipe":"naturesaura:enderman"},{"type":"naturesaura:animal_spawner","recipe":"naturesaura:silverfish"},{"type":"naturesaura:animal_spawner","recipe":"naturesaura:squid"},{"type":"naturesaura:animal_spawner","recipe":"naturesaura:stray"},{"type":"naturesaura:animal_spawner","recipe":"naturesaura:shulker"},{"type":"naturesaura:animal_spawner","recipe":"naturesaura:husk"},{"type":"naturesaura:animal_spawner","recipe":"naturesaura:llama"},{"type":"naturesaura:animal_spawner","recipe":"naturesaura:rabbit"},{"type":"naturesaura:animal_spawner","recipe":"naturesaura:magma_cube"},{"type":"naturesaura:animal_spawner","recipe":"naturesaura:zombified_piglin"},{"type":"naturesaura:animal_spawner","recipe":"naturesaura:polar_bear"},{"type":"naturesaura:animal_spawner","recipe":"naturesaura:mooshroom"},{"type":"naturesaura:animal_spawner","recipe":"naturesaura:guardian"},{"type":"naturesaura:animal_spawner","recipe":"naturesaura:horse"},{"type":"naturesaura:animal_spawner","recipe":"naturesaura:donkey"},{"type":"naturesaura:animal_spawner","recipe":"naturesaura:cave_spider"},{"type":"naturesaura:animal_spawner","recipe":"naturesaura:creeper"},{"type":"naturesaura:animal_spawner","recipe":"naturesaura:witch"},{"type":"naturesaura:animal_spawner","recipe":"naturesaura:wither_skeleton"},{"type":"naturesaura:animal_spawner","recipe":"naturesaura:wolf"},{"type":"naturesaura:animal_spawner","recipe":"naturesaura:zombie"},{"type":"naturesaura:animal_spawner","recipe":"naturesaura:bee"},{"type":"naturesaura:animal_spawner","recipe":"naturesaura:dolphin"},{"type":"naturesaura:animal_spawner","recipe":"naturesaura:fox"},{"type":"naturesaura:animal_spawner","recipe":"naturesaura:panda"},{"type":"naturesaura:animal_spawner","recipe":"naturesaura:turtle"},{"type":"naturesaura:animal_spawner","recipe":"naturesaura:phantom"},{"type":"naturesaura:animal_spawner","recipe":"naturesaura:cat"},{"type":"naturesaura:animal_spawner","recipe":"naturesaura:piglin"},{"type":"naturesaura:animal_spawner","recipe":"naturesaura:piglin_brute"},{"type":"naturesaura:animal_spawner","recipe":"naturesaura:hoglin"}]}