{"name":"崩壞催化器","icon":"naturesaura:crushing_catalyst","category":"naturesaura:using","advancement":"naturesaura:infused_materials","pages":[{"type":"text","text":"$(l:using/altar)自然祭壇$()在將$(aura-zh-cn)之力灌注到特定物品時很有用，但它也能用於將一些物品$(thing)壓碎$()成不同的形狀。$(br)要實現這一點，只需製作$(item)崩壞催化器$()，並將其放在祭壇周圍 4 個更低的$(item)黃金石磚$()方塊上，然後像平時一樣放置原料。"},{"type":"naturesaura:tree_ritual","text":"使用$(l:practices/tree_ritual)森林儀式$()製作$(item)崩壞催化器$()。","recipe":"naturesaura:crushing_catalyst"},{"type":"naturesaura:altar","text":"透過碾碎$(item)骨頭$()製作$(item)骨粉$()","recipe":"naturesaura:bone"},{"type":"naturesaura:altar","text":"從甘蔗中分離$(item)糖$()","recipe":"naturesaura:sugar"},{"type":"naturesaura:altar","text":"利用地獄的材料製作$(item)烈焰粉$()","recipe":"naturesaura:blaze"},{"type":"naturesaura:altar","text":"透過破壞$(item)螢光石$()製作$(item)螢石粉$()","recipe":"naturesaura:glowstone"},{"type":"naturesaura:altar","text":"透過粉碎$(item)鵝卵石$()製作$(item)沙子$()","recipe":"naturesaura:sand"},{"type":"naturesaura:altar","text":"用$(item)黃金樹葉$()製作$(item)金葉粉$()","recipe":"naturesaura:gold_powder"}]}