{"name":"移時日晷","icon":"naturesaura:time_changer","category":"naturesaura:using","advancement":"naturesaura:aura_bottle_end","pages":[{"type":"text","text":"特定活動，特別是建築和狩獵怪物，只能在特定時間較容易地進行。多年來，為了個人利益，魔法植物學家一直在試著找到操縱$(thing)時間$()本身的方法。$(item)移時日晷$()就有這種能力。雖然使用起來相當昂貴，但它能輕易地快進到$(thing)白天和夜晚的任何時間$()。"},{"type":"text","text":"要進行時間跳躍，只需要在$(item)移時日晷$()上放一個$(item)物品展示框$()，再在展示框裡放一個$(item)時間之手$()。展示框內手的$(thing)轉角$()會決定跳躍到哪個時間，而手指向最上方時對應午夜。在相當靠近日晷的地方扔下一個常規的$(item)鍾$()就能啟動時間跳躍。$(br)當然，作為代價，這會消耗大量的$(aura-zh-cn)——跳過的時間越多，消耗的$(aura-zh-cn)就越多。"},{"type":"crafting","text":"製作$(item)移時日晷$()","recipe":"naturesaura:time_changer"},{"type":"naturesaura:offering","text":"透過$(l:practices/offering)祭祀諸神$()請求$(item)時間之手$()","recipe":"naturesaura:clock_hand"}]}