{"name":"感應精煉爐","icon":"thermal:machine_smelter","category":"thermal:machines","read_by_default":true,"flag":"mod:thermal_expansion","pages":[{"type":"patchouli:text","title":"感應精煉爐","text":"感應精煉爐是一種將多種物品熔煉在一起，生產合金的機器。它還可以將礦物熔煉成錠和寶石，受$(l:thermal:world/materials/catalysts)催化劑$(/l)影響。冶煉礦石有機會產生富礦渣作為副產物，可當作催化劑或製造$(l:thermal:world/plants/phytogro)植育一號$(/l)。熔煉礫石會產生燧石和爐渣。"},{"type":"thermal:double_crafting_page","A.recipe":"thermal:machine_smelter","title":"感應精煉爐"},{"type":"patchouli:text","title":"增強元件相容性","text":"$(li)$(l:thermal:technology/augments/integral_components)整合元件$(/l)$(li)$(l:thermal:technology/augments/item_filter)物品篩選器$(/l)$(li)$(l:thermal:technology/augments/xp_storage)知識濃縮器$(/l)$(li)$(l:thermal:technology/augments/rf_coil)擴展通量線圈$(/l)$(li)$(l:thermal:technology/augments/rf_coil_storage)穩態通量線圈$(/l)$(li)$(l:thermal:technology/augments/rf_coil_xfer)強導通量線圈$(/l)$(li)$(l:thermal:technology/augments/machine_speed)通量鏈結放大器$(/l)$(li)$(l:thermal:technology/augments/machine_efficiency)通量效率升級器$(/l)$(li)$(l:thermal:technology/augments/machine_output)輔助處理篩$(/l)$(li)$(l:thermal:technology/augments/machine_catalyst)催化回收室$(/l)"}]}