{"name":"流體單元","icon":"thermal:fluid_cell","read_by_default":true,"flag":"mod:thermal_expansion","category":"thermal:storage","pages":[{"type":"patchouli:text","text":"流體單元可用於儲存和分配流體。流體單元的起始容量為 32,000 mb，最大輸入/輸出速率為 8,000 mb/t，可以使用增強元件進行改良。它一次只能儲存一種流體。每側都可以設定為輸入/輸出能量，單元可以設定為自動輸入/輸出。提供與飽滿程度成比例的比較器輸出。"},{"type":"thermal:double_crafting_page","A.recipe":"thermal:fluid_cell_frame","B.recipe":"thermal:fluid_cell"},{"type":"patchouli:text","text":"可以精確設置流體單元的傳輸速率。在 GUI 中，流體量測計的兩側是輸入和輸出傳輸速率。這些可以使用 \"+\" 和 \"-\" 按鈕手動設定，以精確控制流體傳輸速率。左/右鍵點擊將以每刻 50/10 mb 的比率更改。Ctrl + 點擊以 5/1 的比率更改。Shift + 點擊以 1000/100 的比率更改。Ctrl + Shift + 點擊以 10k/1k 的比率更改。"},{"type":"patchouli:text","text":"可以用鐵桶右鍵點擊流體單元以一次填充或傾卸一個桶。請注意，目前 Forge 存在一個錯誤，即嘗試將不可裝桶的流體裝桶會使你的桶失效！"},{"type":"patchouli:text","title":"增強元件相容性","text":"$(li)$(l:thermal:technology/augments/integral_components)整合元件$(/l)$(li)$(l:thermal:technology/augments/fluid_tank)擴容儲罐構造$(/l)"}]}