{"title":"大型工具","text":[{"text":"所有的大型工具都必須在§l打鐵加工臺§r上製作\n及交換部件。大部分都需要四個部件,且一開始\n只有兩個升級槽和一個能力槽。"},{"text":"大型工具跟小型工具一樣都有額外的攻擊傷害與效力,更多還擁有特性。此外,許多工具還有\n類似於攻擊效力的耐久效力或挖掘速度效力,\n這些都會影響基本屬性及改造後的額外屬性。\n最後,所有的大型工具皆為《雙手工具》,\n除非做了像是§l副手禁用§r的改造,\n否則拿著時無法使用副手。","paragraph":true},{"text":"§l翻譯: §6G§4r§3a§2n§1t§r","paragraph":true}]}