{"title":"能力","text":[{"text":"《能力》是徹底改變工具的強大改造。像是§l絲綢之觸§r和§l自動熔煉§r兩種改造都會改變挖掘方塊的效果,而§l雙持§r則使工具更易於掌握。"},{"text":"需要能力槽才可改造能力,幾乎所有工具一開始都有一個能力槽,而且只能改造一次,因此請慎選能力。","paragraph":true},{"text":"Thruul M'Gon 的『高級冶煉』中\n有完整列出工具可做的能力改造,\n『打鐵百科』也整理了這些資料。","paragraph":true}]}